iso2c,life_exp,pop_tot,pop_grow,gdp,gdp_per_cap,gdp_grow,unemployment,inflation,pers_remit,co2_emis,forest_area,elec_access,elec_prod_renew,sanitation,int_homic,internet_use,women_parlia,foreign_invest,fertility_rate,labor_force_fe,lab_for_part_m,lab_for_part_f,urb_pop,research_exp,res_in_rd,tech_in_rd,charge_int_prop,hi_tech_exports,trdmk_res,trdmk_nres,pat_res,pat_nres,region,income
AD,NA,77993,-1.55213476921424,2789870187.50693,35770.7767044085,1.43414039522716,NA,NA,NA,6.02618183683151,34.0425531914894,100,NA,99.99999755,0,87.9,39.2857142857143,NA,NA,NA,NA,NA,88.345,NA,NA,NA,NA,17999514,190,863,NA,NA,Europe & Central Asia,High income
AE,77.285,9262896,0.527292387564473,358135057862.492,38663.4005026605,5.06033486435939,1.76800000667572,4.06996608361598,NA,20.9480922596993,4.46775556181357,100,0.23240111175667,91.8297723,0.64774558626,90.5,22.5,2.38761932384826,1.541,16.133728260301,91.5090026855469,49.0719985961914,85.674,0.89504,1980.47815,NA,NA,903527438,6425,14990,35,1714,Middle East & North Africa,High income
AF,63.377,34413603,3.07705362914441,19134211763.859,556.007220861443,1.45131466009755,11.1269998550415,-0.661709164713696,1.82199675432219,0.232175631246749,1.85099408755323,71.5,NA,NA,9.7839217823,8.26,27.710843373494,0.884000919857522,4.976,19.2513388108005,73.875,18.746000289917,24.803,NA,NA,NA,12809.26,NA,NA,NA,NA,NA,South Asia,Low income
AG,76.483,93571,1.08418161589205,1336692592.59259,14285.3297773091,3.82529309880827,NA,0.968993458825599,2.3374418648223,5.23666520610018,19.2045454545455,100,NA,NA,NA,70,11.1111111111111,8.530357746702,2.003,NA,NA,NA,25,NA,NA,NA,0,0,38,865,NA,10,Latin America & Caribbean,High income
AL,78.025,2880703,-0.291205786840436,11386850129.8411,3952.80253807527,2.21872637165328,17.1900005340576,3.50120835492656,11.3364406607153,1.75998705871449,28.8024635036496,99.9800033569336,0,46.33301305,2.214131417,56.9,20.7142857142857,8.69053621980377,1.677,41.8914325440893,63.9570007324219,46.8979988098145,57.434,NA,NA,NA,1945283.40574265,16607486,509,2521,14,5,Europe & Central Asia,Upper middle income
AM,74.467,2925559,0.450705991935445,10553337672.9872,3607.28929855361,3.19999999896625,18.2600002288818,3.73169119261695,14.1327412207052,1.82529219202211,11.5742887249737,100,0.0512886267470189,61.59785326,2.5636126292,59.10083377,10.6870229007634,1.74473699241328,1.738,46.834962206090196,66.5780029296875,48.7779998779297,63.085,0.25002,NA,NA,0,11860132,1340,3021,113,2,Europe & Central Asia,Upper middle income
AO,59.398,27884380,3.43886936840162,116193649124.151,4166.97983330278,0.943571561325001,7.39200019836426,9.15037207517202,0.009565679091569,1.26092098873993,55.6530761209593,42,0,NA,NA,22,36.8181818181818,8.63060523378897,5.774,49.414205682129,79.8649978637695,74.8639984130859,63.446,NA,NA,NA,17490960,102003481,NA,NA,NA,NA,Sub-Saharan Africa,Lower middle income
AR,76.068,43131966,1.07800134449604,594749285413.212,13789.060424772,2.73115982828944,7.52099990844727,NA,0.0831331023452092,4.31443352245988,10.6321870580884,99.6253890991211,1.89849403616245,51.04761816,6.5861232774,68.04306411,NA,1.97713461784426,2.301,41.8668221891244,71.7490005493164,47.6790008544922,91.503,0.62262,1230.53948,326.07927,161745946.96071,1475175646,52208,14070,546,3579,Latin America & Caribbean,Upper middle income
AS,NA,55806,0.026882443238318,673000000,12059.6351646776,3.14960629921259,NA,NA,NA,NA,86.4,NA,NA,NA,7.1676880622,NA,NA,NA,NA,NA,NA,NA,87.238,NA,NA,NA,NA,NA,NA,NA,NA,NA,East Asia & Pacific,Upper middle income
AT,81.190243902439,8642699,1.12099250236958,381971148530.543,44195.8175947748,1.01450158590511,5.71999979019165,0.896563335260302,0.749691914800786,7.3067452655704,47.0333252544838,100,16.493693635348,99.63836064,0.53003531533,83.94014193,30.6010928961749,-2.08805653898304,1.49,46.8950611202675,66.3980026245117,55.359001159668,57.715,3.04969,5019.43848,2579.54569,1052235869.68451,18084508467,5267,2859,2205,236,Europe & Central Asia,High income
AU,82.4,23815995,1.43921665259925,1350534154255.76,56707.0220772116,2.17220475337416,6.05000019073486,1.50836672165921,0.161021576059522,15.7864494009173,17.3248245968004,100,8.34165754966783,69.42493178,0.9861067998,84.56051491,26.6666666666667,3.47216754349266,1.814,45.9271733775535,71.0500030517578,59.0769996643066,85.701,1.91918,NA,NA,783100619.94872,5089628319,47088,23672,2291,26314,East Asia & Pacific,High income
AW,75.725,104339,0.541048337127457,2962905027.93296,28396.9084228616,5.70000087589398,NA,0.474763597342612,0.272830662191719,NA,2.33333333333333,100,NA,NA,NA,88.66122693,NA,-0.971204144354778,1.854,NA,NA,NA,43.108,NA,NA,NA,NA,1265878,NA,NA,NA,NA,Latin America & Caribbean,High income
AZ,72.266,9649341,1.19120985807018,53074370486.0433,5500.31038244408,1.09397584645028,4.96000003814697,4.02768573742728,2.39280087237955,3.33390642946498,13.0395336486699,100,0.409105638366818,24.52326138,2.3382111188,77,16.9354838709677,7.62633633321074,1.94,49.0223752405609,68.6849975585938,62.523998260498,54.714,0.22232,NA,NA,NA,13926421,856,4096,184,NA,Europe & Central Asia,Upper middle income
BA,76.865,3429362,-1.52630451114807,16219819017.3607,4729.68995905382,3.08916415179439,27.6900005340576,-1.03602303425476,11.1043899810761,5.71826479677561,42.197265625,99.6999969482422,0,35.32234032,1.6621167436,52.6,21.4285714285714,2.3618612224915,1.296,39.1536983662019,54.9039993286133,33.4589996337891,47.173,0.2186,365.22839,66.07645,12892952.70566,98638475,326,3411,NA,NA,Europe & Central Asia,Upper middle income
BB,78.801,285327,0.176093438142998,4715000000,16524.899501274,2.44870196122888,9.80000019073486,-1.11278992510961,4.2001759243793,4.52112838953201,14.6511627906977,100,NA,NA,10.864727138,76.11,16.6666666666667,14.6028832091009,1.614,49.8544893716891,67.4209976196289,60.8199996948242,31.249,NA,NA,NA,17892108.845,NA,159,1178,NA,45,Latin America & Caribbean,High income
BD,71.514,156256287,1.11909103277687,195078678697.23,1248.45330989613,6.55263987869203,4.36600017547607,6.19428022984988,7.8407010940311,0.458797539455164,14.4687716063609,74.9037399291992,0.267746691294843,33.64912089,2.5822960967,12.9,20,1.45128764663678,2.12,28.5539748133346,79.556999206543,32.5029983520508,34.308,NA,NA,NA,1182236.04045291,93607707,9322,3487,41,299,South Asia,Lower middle income
BE,80.9926829268293,11274196,0.579446241677791,462335574841.484,41008.296719472,2.04145900919961,8.47999954223633,0.561429152790106,2.26348844537198,8.44406111087655,22.7642007926024,100,20.3427848392477,84.41646718,2.0375744678,85.05294175,39.3333333333333,-4.22079695282361,1.7,46.1483902861869,58.8849983215332,48.0060005187988,97.876,2.42817,4711.04559,NA,3203851057.56824,22551602320,20661,3957,949,148,Europe & Central Asia,High income
BF,59.919,18110616,2.93935056790969,11832159275.603,653.32726813947,3.9212287937935,4.32100009918213,0.724838981070599,3.25372239742687,0.18773519354615,23.6345029239766,16.0769748687744,NA,NA,0.64602993073,8,9.44881889763779,1.95992716360769,5.436,44.9664369315339,73.8320007324219,57.6959991455078,27.53,NA,NA,NA,712096.870607563,5736310,NA,NA,NA,NA,Sub-Saharan Africa,Low income
BG,74.6146341463415,7177991,-0.638069468160719,50781996712.7635,7074.68102325059,3.42805491352132,9.14000034332275,-0.104633261008417,2.94344471812451,6.22597604260022,35.3076639646279,100,6.37437938533503,62.62218021,1.7500634398,56.65625161,20.4166666666667,4.37436521561917,1.53,46.5413103563524,60.0040016174316,48.5550003051758,73.99,0.95201,1977.29335,NA,50030000,1185637807,4096,1740,280,11,Europe & Central Asia,Upper middle income
BH,76.762,1371853,2.64276663660774,31050638297.8723,22634.0856475674,2.48537855758804,1.20200002193451,1.8486274237498,NA,22.3055968824648,0.77120822622108,100,0,86.37973774,NA,93.4783008,7.5,0.208992859981636,2.056,21.6419216446239,87.0090026855469,43.5750007629395,88.999,NA,NA,NA,NA,22835703.9999999,380,7262,8,185,Middle East & North Africa,High income
BI,60.123,10160034,3.15690795388679,3104394858.11518,305.549652502657,-3.9000030859375,1.60000002384186,5.54468891259786,1.64415577256311,0.0403541956650932,10.8894080996885,8.42765235900879,NA,NA,4.5373863906,2,36.3636363636364,1.59847145864393,5.697,51.7280201737745,77.9909973144531,79.8690032958984,12.078,NA,NA,NA,6807.05601189222,762345,NA,NA,NA,NA,Sub-Saharan Africa,Low income
BJ,60.608,10575962,2.77183788570358,11388160958.249,1076.79669785585,1.77815106030278,2.00699996948242,0.218785923536177,1.88309227661166,0.566378736988654,30.0208407236609,29.6200008392334,1.46198830409357,NA,NA,11.25498791,7.2289156626506,1.31501182569599,5.047,49.4568075552058,73.7330017089844,69.7570037841797,45.695,NA,NA,NA,5074.32449364059,1561772,NA,NA,NA,NA,Sub-Saharan Africa,Lower middle income
BM,81.0121951219512,65237,0.151869636092964,6654541000,102005.62564189,0.775529699568978,NA,NA,21.7203796852555,NA,18.5185185185185,100,NA,NA,6.4513007435,98.32360965,NA,-2.15032691390736,1.4,NA,NA,NA,100,0.22036,NA,NA,0,1028795,NA,NA,NA,NA,North America,High income
BN,75.318,414914,1.24557202006897,12930394937.8137,31164.0362528468,-0.392383749502031,7.78499984741211,-0.488347420743486,NA,14.4126252669228,72.1062618595825,100,0.0476190476190476,NA,NA,71.2,NA,1.32470174845995,1.947,42.074048339868,71.0350036621094,56.2700004577637,76.663,NA,NA,NA,0,79866870,NA,NA,NA,NA,East Asia & Pacific,High income
BO,70.277,10869732,1.51294243320221,33000198248.3362,3035.97165489786,4.85718723248496,3.10999989509583,4.05961041135646,3.60894254331553,1.8776911887064,48.0266038955045,91.522819519043,2.52110694183865,45.61717777,6.1731052799,37.49,53.0769230769231,1.68072787964281,2.886,40.8301810074836,79.5859985351563,54.6380004882813,68.393,NA,NA,NA,22344051.6079534,24935819,NA,NA,NA,NA,Latin America & Caribbean,Lower middle income
BR,74.994,204471759,0.838838953278811,1802211999538.68,8813.98980647828,-3.54576339347278,8.43000030517578,9.02990102416129,0.160741907858317,2.34736573083425,60.2867145082518,99.7108993530273,12.1184144471265,43.92766119,28.59025632,58.32795173,9.94152046783626,3.59214973105335,1.753,42.6442293531665,73.2949981689453,51.7430000305176,85.77,1.34264,NA,NA,581080520.4,9433008423,130720,27989,4641,25578,Latin America & Caribbean,Upper middle income
BS,73.088,374200,0.959964408799924,11890600000,31776.0555852485,1.58973670222325,12,1.86148302863373,NA,6.33351149118119,50.9350649350649,100,NA,NA,39.01656868,78,13.1578947368421,0.639798872638891,1.782,50.015962695664,75.7460021972656,69.8600006103516,82.746,NA,NA,NA,0,0,191,973,2,68,Latin America & Caribbean,High income
BT,70.419,727885,1.22080001903125,2003598212.99135,2752.63017233678,6.64223210535566,2.45000004768372,4.54814395082202,0.981060363887474,1.31888965976768,71.2327832725556,95.5307159423828,NA,62.87392457,1.6486120747,39.8,8.51063829787234,0.32196843698084,2.037,40.5717333269415,70.1190032958984,55.1059989929199,38.678,NA,NA,NA,13088.2197708661,NA,2,882,1,7,South Asia,Lower middle income
BW,67.338,2120716,1.52506854883531,13578754072.4652,6402.91018338391,-5.71768255706327,20.5709991455078,3.06203169580559,0.221269340411156,3.39979516352025,27.960757327122302,62.1300010681152,0.0337040781934614,NA,NA,37.31205037,9.52380952380952,2.7878417968973,2.968,48.7977291989752,65.2949981689453,54.867000579834,67.155,NA,NA,NA,121558.669817215,37475913,418,1545,3,5,Sub-Saharan Africa,Upper middle income
BY,73.6243902439025,9461076,0.132853236725342,56454734396.5842,5967.05220384914,-3.82957055828379,5.84000015258789,13.5344897649734,1.64999447779948,5.80166568791964,42.5341662643242,100,0.501731119065782,75.97225663,3.4536005587,62.23036091,27.2727272727273,2.92676959277302,1.724,49.6444321033322,70.7610015869141,58.4290008544922,77.181,0.49999,NA,NA,22300000,577131800,1726,5689,543,148,Europe & Central Asia,Upper middle income
BZ,74.034,360926,2.11686041760718,1721700991.46912,4770.23265563888,2.63786242183059,7.57999992370605,NA,4.92211336101224,1.82862969140489,58.4318281455502,91.8000030517578,NA,NA,32.970747466,41.59,3.125,3.43376835995794,2.439,38.1939918989024,79.6569976806641,48.3619995117188,45.406,NA,NA,NA,NA,0,120,913,NA,26,Latin America & Caribbean,Lower middle income
CA,81.9,35702908,0.746339477969813,1556508816217.14,43596.1355365546,0.659176863558869,6.90999984741211,1.12524136094279,0.0818662480322062,15.651386155996,38.7164380704449,100,6.26725705936727,82.80387768,1.6931901668,90,26.0355029585799,3.85389453706153,1.6,47.1730619486038,70.5989990234375,61.2190017700195,81.259,1.69324,4523.09283,1455.58808,4087280234.12164,28241567804,22589,29872,4277,32687,North America,High income
CD,59.254,76244532,3.3028191819646,37917704900.0794,497.317039077365,6.91616712035345,4.46600008010864,0.744198994781499,3.07657919011949,0.0379043575216646,58.0764076663505,16.1482429504395,0.111831804965332,15.06761794,NA,3.799999507,8.94308943089431,3.07434221923392,6.203,47.8528645501699,69.697998046875,62.4480018615723,42.74,0.40638,10.56469,6.66802,0,63192020,NA,NA,NA,NA,Sub-Saharan Africa,Low income
CF,50.881,4493171,0.647515777004538,1695825708.45604,377.422917680195,4.33712103020231,5.60599994659424,1.40297017136814,0,0.068993590495443,36.0412854345244,12.727029800415,NA,15.33947083,NA,2.9,NA,0.176904972311768,4.941,45.1141753500879,80.6760025024414,63.6269989013672,40.277,NA,NA,NA,NA,4091308,NA,NA,NA,NA,Sub-Saharan Africa,Low income
CG,63.097,4856093,2.48375698671647,11885478502.1168,2447.53930827041,-3.55058176538323,20.44700050354,3.16909796750824,0.250595320134168,0.708388410189014,64.4655929721816,44.4016494750977,0,NA,NA,7.615974662,7.35294117647059,35.9944983638514,4.587,49.5234410462151,69.3160018920898,66.7040023803711,65.543,NA,NA,NA,NA,53837390,NA,NA,NA,NA,Sub-Saharan Africa,Lower middle income
CH,82.8975609756098,8282396,1.13833715247736,702149580770.901,84776.1421659748,1.65776871127174,4.80000019073486,-1.14390867228178,0.358467178199344,4.71240447812445,31.6810671517356,100,4.31638349698171,99.63288821,0.68701393011,87.4790556,32,16.9126925887027,1.54,46.4500210107141,74.2190017700195,62.2789993286133,73.718,3.3716,5271.86792,2935.19578,22659063411.2018,53795508115,12386,17601,1477,446,Europe & Central Asia,High income
CI,56.065,23226148,2.52216477826712,45814637971.4745,1972.54568305836,7.1940906452612,3.1489999294281,1.25149954781474,0.734223987826301,0.41160505823006,10.6954402515723,62.5999984741211,1.2053725175066,NA,NA,16.7,9.16334661354582,1.07915019667769,4.813,39.8480395757206,67.4489974975586,46.2799987792969,49.444,NA,NA,NA,67657.6599152079,187851822,NA,NA,NA,NA,Sub-Saharan Africa,Lower middle income
CL,79.646,17969356,1.1777178569181601,243919079437.422,13574.1692377524,2.30376703612379,6.51000022888184,4.3487735321705,0.0241851584444248,4.5616548528506,23.6655315440358,99.71484375,11.9264594691392,71.18451893,3.3946681228,76.62959195,15.8333333333333,8.55986314684867,1.75,41.4705157967978,71.8059997558594,48.4620018005371,87.36,0.38073,454.95945,284.7413,41950301.36,605335923,22995,8862,443,2831,Latin America & Caribbean,High income
CM,57.583,23298376,2.68184811095466,32210232911.6626,1382.5097900241,5.66695299105416,3.55100011825562,2.68598277212217,0.750404353516995,0.343800786801621,43.6218400287703,58.5955924987793,1.1245930748742201,NA,1.154586912,18.3,31.1111111111111,2.15564021776575,4.777,46.6940625253759,81.7949981689453,70.5780029296875,54.578,NA,NA,NA,592004.524258069,14036843,NA,NA,NA,NA,Sub-Saharan Africa,Lower middle income
CN,75.928,1379860000,0.581456146657648,11061553079871.5,8016.43143498003,7.04132887865481,4.63000011444092,1.43702380935655,0.299276924522559,7.12422274723523,22.3130941846073,100,4.85700420830511,52.48634689,0.65394419747,50.3,23.6228455559311,2.19218160303955,1.665,44.4112749911582,76.8659973144531,63.564998626709,55.5,2.05701,1150.81931,NA,1084600061.07,652212445309,NA,NA,968252,133612,East Asia & Pacific,Upper middle income
CO,76.531,47520667,1.1704451989867,293481748240.779,6175.8760297026,2.95590137527523,8.30000019073486,4.99023427513779,1.70422744253159,1.7051528338186,54.1997836863452,98.186897277832,3.27745338105105,17.5644759,26.897770606,55.90497251,19.8795180722892,3.95954185068281,1.863,43.2761055403753,81.5550003051758,58.1879997253418,79.764,0.28975,69.54869,NA,101196816.40625,823794430,17969,10022,321,1921,Latin America & Caribbean,Upper middle income
CR,79.565,4847805,1.0870985434196,56441917653.0156,11642.7780517194,3.65208096794373,9,0.801982005099592,0.977976175485055,1.55534308826366,57.8345084214649,99.4098052978516,24.3895671476138,32.08354676,11.489736076,59.76295014,33.3333333333333,5.23639487058031,1.806,39.3985394719361,74.1510009765625,47.6599998474121,76.862,0.44993,495.2758,NA,435590.958032504,869820738,5985,7615,17,582,Latin America & Caribbean,Upper middle income
CU,78.561,11324777,0.157902541706838,87133000000,7694.01463710941,4.43814195922121,2.40000009536743,NA,NA,2.42742086665371,30.5859750240154,98.6834564208984,3.71155362776025,37.23542419,5.465891293,37.30509742,48.8562091503268,NA,1.674,38.3110305627242,69.9749984741211,42.3470001220703,76.896,0.42854,NA,NA,NA,NA,626,3393,NA,NA,Latin America & Caribbean,Upper middle income
CV,72.117,524740,1.23949829305891,1596800287.16405,3043.03138156811,1.00686370684559,11.8000001907349,0.131187999024475,12.5816308668674,0.952852841407173,10.9727047146402,86.3578414916992,NA,NA,8.7662461409,42.68301416,20.8333333333333,6.0164989704187,2.385,42.8304986694435,67.2089996337891,50.3419990539551,64.3,NA,NA,NA,0,NA,NA,NA,NA,NA,Sub-Saharan Africa,Lower middle income
CW,78.0756097560976,157980,1.31959390251523,3151910782.1229,19951.3279030441,0.278694930595208,NA,-0.476542049801981,4.51707905196748,NA,0.157657657657658,100,NA,NA,NA,NA,NA,4.64593588817623,1.9,NA,NA,NA,89.352,NA,NA,NA,9519553.0726257,NA,NA,1173,NA,NA,Latin America & Caribbean,High income
CY,80.35,1160987,0.751316386354157,19842404304.8929,23408.3366816249,3.38307971194378,14.9099998474121,-2.09699769053118,1.50106908328334,5.83985867197479,18.6915584415584,100,8.78005735715861,76.83065699,1.2920041309999999,71.71574092,12.5,145.952736550772,1.354,46.3799079190606,67.1159973144531,57.5089988708496,66.946,0.47841,1009.05438,256.9788,NA,55564483,696,873,6,1,Europe & Central Asia,High income
CZ,78.5780487804878,10546059,0.196588748472653,188033050459.881,17829.6983223668,5.38838083815307,5.05000019073486,0.309364548494974,1.4225308225181,9.5751408180060409,34.5601606009584,100,9.23186791904716,81.31649548,0.83007982915,75.6688387,20,0.904050969999615,1.57,44.2077422357878,68.0149993896484,51.2470016479492,73.477,1.92923,3592.07367,1825.24397,465248147.477344,24757970899,7850,2129,880,72,Europe & Central Asia,High income
DE,80.6414634146341,81686611,0.865702643950251,3357585719351.56,41103.2564363768,1.49193152760772,4.61999988555908,0.51442053951781,0.463966796402918,9.08729093927033,32.7323281545606,100,26.2710872790643,96.87687416,0.83386916356,87.58979935,36.4500792393027,1.85914730811387,1.5,46.5246922858045,65.879997253418,54.7190017700195,77.2,2.93003,4743.7863,1909.85383,24082893579.6633,199429950143,65263,7544,47384,19509,Europe & Central Asia,High income
DJ,64.136,913998,1.68713196053581,2430274292.2896,2658.94924528237,7.69608557567065,26.3250007629395,-0.847389733971994,1.63413379977535,0.590810920811643,0.241587575496117,57.5785636901855,NA,33.82096425,NA,22.9,12.7272727272727,5.9183519679594,2.912,25.4896719319563,45.9179992675781,17.4330005645752,77.417,NA,NA,NA,NA,NA,NA,NA,NA,NA,Middle East & North Africa,Lower middle income
DK,80.7024390243902,5683483,0.706423849687002,302673070846.857,53254.8563700916,2.34259110757047,6.28000020980835,0.452034153691623,0.415714440346279,5.91186777544685,15.617,100,65.443742011262,90.44301167,1.0898808954,96.33050162,37.4301675977654,0.611475183333102,1.71,46.8017248488583,66.0199966430664,56.7299995422363,87.526,3.05497,7528.26439,NA,2088570347.38057,10082501579,2851,1588,1462,270,Europe & Central Asia,High income
DM,NA,71175,0.118088664559983,540737037.037037,7597.28889409255,-2.69110892388451,NA,-0.843826984638296,10.3429578804022,2.52897787144362,63.8266666666667,99.8290176391602,NA,NA,12.644889357,65,21.875,1.32418828718005,NA,NA,NA,NA,69.579,NA,NA,NA,0,NA,NA,NA,NA,NA,Latin America & Caribbean,Upper middle income
DO,73.241,10281675,1.13948330027521,71164825256.6849,6921.52059432776,6.9270187716221,7.6100001335144,0.836746346724583,7.30164091776772,2.28075678330622,43.5448147381494,98.5603637695313,5.2662946307634,NA,NA,54.21576634,20.7650273224044,3.12977653210886,2.405,39.023179778485,76.0989990234375,48.0960006713867,78.566,NA,NA,NA,0,206620652,6122,3927,25,227,Latin America & Caribbean,Upper middle income
DZ,76.09,39728020,2.0453720881528,165979279263.174,4177.8895415169,3.70000000000022,11.210000038147,4.78444700693894,1.20339928406781,3.6742329469226,0.821247986241997,99.1866607666016,0.111921858193552,18.75313209,1.3642763974,38.2,31.6017316017316,-0.324012083501784,3.043,19.4283332519297,66.8320007324219,16.2999992370605,70.848,NA,NA,NA,2222340.26847965,2549728,3968,3750,89,716,Middle East & North Africa,Lower middle income
EC,76.143,16212022,1.61793842153926,99290381000,6124.49088707134,0.0988726083462694,3.61999988555908,3.96664623255354,2.4046195290585,2.51171630534427,51.6153164760831,98.8258819580078,2.10220673635308,41.68797239,6.4890116729,48.94043379,41.6058394160584,1.33215455916871,2.499,39.7972180045495,79.6429977416992,51.8810005187988,63.398,NA,NA,NA,0,103054633,10247,7276,20,475,Latin America & Caribbean,Upper middle income
EE,77.590243902439,1315407,0.0655525295417938,22890762090.1508,17402.0376128079,1.85302004629342,6.19000005722046,-0.492326006547338,1.99767334374791,11.6845964785044,55.6938118242466,100,14.1595468944994,92.82388663,3.4211946812,88.4097035,23.7623762376238,-3.12556273605935,1.58,48.7084192417298,69.4400024414063,55.9140014648438,68.416,1.45685,3183.24369,675.11832,11896638.9338107,2052941193,1092,1273,30,6,Europe & Central Asia,High income
EG,71.302,92442549,2.20702533886058,329366576819.407,3562.93265798423,4.37201907940117,13.0500001907349,10.370490343517,5.56383108965179,2.44422078841638,0.0486413179968858,99.3000030517578,0.878132950867417,62.86468116,NA,37.81938343,NA,2.10258128401326,3.436,24.292818611826,71.0640029907227,22.8479995727539,42.785,0.71858,672.94068,343.94633,NA,89647033,12327,7824,718,1337,Middle East & North Africa,Lower middle income
ES,82.8317073170732,46444832,-0.077588861590047,1195599995808.59,25742.3688346767,3.83517266033846,22.0599994659424,-0.500365709903282,0.223603831404884,5.51794438614828,37.1275324670126,100,24.8200092155282,95.47630733,0.64707002941,78.68963187,41.1428571428571,1.92682091855255,1.33,46.3606563384306,64.8369979858398,53.1339988708496,79.602,1.22236,2623.35435,1189.6445,1613627620.21978,13109480691,49433,3685,2799,221,Europe & Central Asia,High income
ET,65.048,100835453,2.75611161556288,64589334978.8013,640.541923075422,10.3924630202334,2.2739999294281,9.56889955968618,1.6829198684323,0.127732852055517,15.437809393877,29,7.27220465651049,5.654994616,NA,13.85517556,38.7568555758684,4.06648856065021,4.565,46.3690505570732,87.7089996337891,74.4680023193359,19.428,NA,NA,NA,23344.4838655748,15626131,865,983,18,32,Sub-Saharan Africa,Low income
FI,81.4804878048781,5479531,0.329383885818507,234534382384.766,42801.9081167285,0.543659211765487,9.38000011444092,-0.207928839905218,0.368994887619166,7.81453741205224,73.7356454213418,100,20.0533551029928,83.84297108,1.4960424205,86.42213333,41.5,7.45525550591241,1.65,48.2546512265254,62.443000793457,55.5950012207031,85.225,2.87196,6844.54752,NA,2455297313.72209,4250872208,2968,1314,1289,127,Europe & Central Asia,High income
FJ,67.103,868632,0.251861863930646,4682546863.08162,5390.71420703085,4.50119939222793,4.29500007629395,1.37488542621447,5.38931971789877,1.73836561397692,60.5703338806787,95.1682434082031,NA,NA,NA,42.5,16,4.3859296045859,2.8,33.7650407191366,76.2369995117188,39.8009986877441,54.726,NA,NA,NA,429171.988031181,2259048,NA,NA,NA,NA,East Asia & Pacific,Upper middle income
FM,67.315,108886,1.33316817603444,316489900,2906.61701228808,4.62188400404939,NA,-0.298115837381107,7.37423216349084,1.37758756864978,91.8142857142857,73.9390563964844,NA,NA,NA,31.50108128,0,NA,3.193,NA,NA,NA,22.456,NA,NA,NA,NA,NA,NA,NA,NA,NA,East Asia & Pacific,Lower middle income
FO,81.7926829268293,48055,0.187461000533659,2518096285.61661,52400.2972763835,NA,NA,NA,0,NA,0.0573065902578797,100,NA,NA,NA,94.2,NA,NA,2.4,NA,NA,NA,41.638,NA,NA,NA,NA,NA,NA,NA,NA,NA,Europe & Central Asia,High income
FR,82.3219512195122,66548272,0.355569240058298,2439188643162.5,36652.9223052178,1.1129123405747,10.3500003814697,0.0375143805125363,0.986680136633039,4.66608659650847,30.7474838236019,100,6.19651673309742,78.7202854,1.5701316524,78.00603771,26.1698440207972,1.75572374141659,1.96,48.0337340969852,60.8370018005371,51.5870018005371,79.655,2.26703,4307.48974,1798.3546,15242960369.0536,109607527192,86964,7953,14306,1994,Europe & Central Asia,High income
GA,64.913,1947690,3.33525107312594,14383107714.0388,7384.70070393071,3.8788993950789,20.613000869751,-0.338795188753357,0.128331391379522,2.81358943158305,91.5512089106221,87.3768615722656,0.56444026340545606,NA,NA,45.78453653,14.1666666666667,0.289976986585147,4.064,40.2719069460683,56.4900016784668,39.9550018310547,88.118,NA,NA,NA,NA,NA,NA,NA,NA,NA,Sub-Saharan Africa,Upper middle income
GB,80.9560975609756,65116219,0.792367505802859,2956573778737.76,45404.5677734722,2.62259667901294,5.30000019073486,0.368046842325369,0.169229448007726,6.14854495774701,13.0409622618113,100,22.9703052717954,98.02628399,0.98997650309,92.00029987,29.3846153846154,1.53331141093472,1.8,46.5887797311702,68.5559997558594,57.1969985961914,82.626,1.64985,4319.50151,1349.98182,21418278414.3061,74578602797,49223,8669,14867,7934,Europe & Central Asia,High income
GD,72.445,109603,0.64347164631606,997007925.925926,9096.53865246322,6.44314373327768,NA,-0.515448031435387,4.34848252404398,2.4634362198115,52.0588235294118,91.2906875610352,NA,NA,5.4743027107,52.5,33.3333333333333,15.6911614883333,2.126,NA,NA,NA,35.997,NA,NA,NA,14156.6666666667,355896,9,288,NA,9,Latin America & Caribbean,Upper middle income
GE,72.973,3725276,0.157481405176007,14953950557.4406,4014.18594419329,3.02220738019703,16.5100002288818,4.00357820695098,9.75488922212716,2.4696156741138102,40.6159159591308,100,0,37.22872931,NA,47.56975964,11.3333333333333,11.6041937228191,2.05,45.6751497871193,80.0920028686523,58.8880004882813,57.448,0.29928,1280.46364,173.30226,566769.6,34242243,1092,3386,99,172,Europe & Central Asia,Upper middle income
GH,62.772,27849203,2.26877798247593,49406568432.6711,1774.07477092508,2.12075933817334,6.80999994277954,17.1499695007878,10.0845748244509,0.543283051942276,34.6332073481586,74.0788421630859,0.0261073883909146,11.00233495,1.8851526918,23,10.9090909090909,6.4613281838022,4.041,46.5424941323805,73.4509963989258,64.9810028076172,54.086,NA,89.11206,28.65432,NA,89337078,883,2582,NA,NA,Sub-Saharan Africa,Lower middle income
GL,71.9773170731707,56114,-0.322038549275343,2499115623.00272,44536.4013080999,-2.52931802394475,NA,NA,NA,NA,5.35997076379583e-4,100,NA,90.50001399,7.0949661215,67.60044348,NA,NA,2.01,NA,NA,NA,86.071,NA,NA,NA,NA,12776484,NA,NA,NA,NA,Europe & Central Asia,High income
GM,60.91,2085860,3.0087208341828102,1378176868.31568,660.723571244322,4.0580738039996,9.46700000762939,6.80845494579613,11.1787079869685,0.254091837419578,26.8122529644269,54.5619888305664,NA,31.99442662,NA,18.2,9.43396226415094,5.22255549038334,5.39,43.6390864844627,67.7809982299805,50.273998260498,59.228,NA,NA,NA,NA,738,45,382,NA,2,Sub-Saharan Africa,Low income
GN,59.598,11432096,2.4898348435131,8794202443.67366,769.255475432822,3.82592166670138,4.9229998588562,10.8206821245734,1.48486811929708,0.222181479231805,26.0011395083835,34.7451210021973,NA,NA,NA,9.2,21.9298245614035,0.605767933618839,4.933,53.6563917211519,64.5950012207031,63.4090003967285,35.141,NA,NA,NA,NA,2455734,NA,NA,NA,NA,Sub-Saharan Africa,Low income
GQ,57.359,1168575,4.04289647772825,13185496881.4055,11283.3980543871,-9.11004114881537,8.54399967193604,1.67663085315985,0,6.11000577626596,88.7778966131907,66.0409774780273,NA,NA,NA,21.3199999,24,1.76955843908348,4.774,38.2520286372799,59.5040016174316,50.9780006408691,70.616,NA,NA,NA,NA,NA,NA,NA,NA,NA,Sub-Saharan Africa,Upper middle income
GR,81.0365853658537,10820883,-0.658861360878339,195683527003.375,18083.8779056547,-0.196087629724133,24.8999996185303,-1.73588804765278,0.260285739960783,6.28506934230783,30.27,100,16.888580139709,87.83493406,0.87244178726,66.83495949,19.6666666666667,0.648464653767942,1.33,44.0858781115337,59.7000007629395,44.6730003356934,78.046,0.96121,3255.9863,NA,54111479.9330556,1328836228,NA,NA,550,23,Europe & Central Asia,High income
GT,73.25,15567419,1.69146509302391,62186186575.7433,3994.63691288475,4.09217081621244,2.50999999046326,2.38872032839552,10.4233702320772,1.04962807257902,33.4621127286301,90.520622253418,25.3481642249955,NA,29.398689734,28.80594156,13.9240506329114,1.93508421445702,3.029,33.1362970013519,84.1949996948242,38.7099990844727,49.971,0.03064,22.15054,25.59617,16477460,249132211,NA,NA,7,341,Latin America & Caribbean,Upper middle income
GU,79.144,161851,0.522831661338121,5799000000,35829.2503598989,0.825688073394488,6.90000009536743,NA,NA,NA,46.2962962962963,100,NA,NA,NA,73.13999995,NA,NA,2.383,44.786163688975,68.5550003051758,56.3790016174316,94.534,NA,NA,NA,NA,NA,NA,NA,NA,NA,East Asia & Pacific,High income
GW,56.959,1737207,2.6111512533031,1048229629.42039,603.399381547733,6.13408294113292,5.86999988555908,1.47672048910484,8.10440876824157,0.161178259125136,71.9135846372688,20.0531539916992,NA,9.63497749,2.7630558707,6.1,13.7254901960784,1.77208303662279,4.708,47.3827170566134,79.0279998779297,64.4700012207031,42.123,NA,NA,NA,NA,NA,NA,NA,NA,NA,Sub-Saharan Africa,Low income
GY,69.262,767433,0.530702759294195,4279840193.7046,5576.82585151355,0.687521210092171,13.2119998931885,-1.00173432776379,7.07441175191082,2.67124296192632,93.7838963677927,88.0038375854492,NA,NA,19.415375674,34,30.4347826086957,3.21740985101614,2.534,37.4065816583722,68.609001159668,40.5499992370605,26.441,NA,NA,NA,4077000,90066.9999999996,NA,NA,NA,13,Latin America & Caribbean,Upper middle income
HK,84.2780487804878,7291300,0.851197911086988,309383627028.561,42431.8882817277,2.38780231562711,3.30999994277954,2.99084819322578,0.125006793774001,NA,NA,100,0.278727320536419,85.97677338,0.3061511897,84.94835296,NA,58.5187499629812,1.196,48.7129746958507,68.8059997558594,54.7210006713867,100,0.76183,3565.12862,374.61752,642041544.14779,453113875,14376,24803,239,11973,East Asia & Pacific,High income
HN,74.495,9112904,1.74147410181564,20833948799.5352,2286.20303687333,3.84007997093951,6.15000009536743,3.15783117980921,17.5972465044613,1.08307955400386,57.7695057645902,89.9817123413086,16.1740100390407,47.74141572,56.491322634,27.1,25.78125,6.31987646703513,2.581,36.9144230605287,81.9189987182617,46.7150001525879,55.165,0.01497,22.38581,9.98583,NA,18698692,2043,5711,4,224,Latin America & Caribbean,Lower middle income
HR,77.2756097560976,4203604,-0.824099163913538,50163192883.1515,11933.3773788281,2.5256884203654,16.1800003051758,-0.464499004645002,5.33648244564139,3.96802362924766,33.9635978088001,100,9.9572877736252,74.25955209,0.87411059247,69.84503592,15.2317880794702,0.0889936437342337,1.41,46.6828313671208,59.1669998168945,46.9020004272461,56.155,0.84007,1504.17896,745.82896,45439792.7584955,915710065,1265,1642,169,17,Europe & Central Asia,High income
HT,62.485,10695540,1.37950998738794,14833154471.7456,1386.85419078846,2.5625088349003,13.9619998931885,6.73184069659,14.8017081013962,0.310409759582031,13.1658200290276,40.8362846374512,0,NA,10.013519654,14.2,4.21052631578947,0.71245802908141,3.098,48.4875190975811,69.9290008544922,62.2019996643066,52.427,NA,NA,NA,29732276.67,NA,NA,NA,NA,NA,Latin America & Caribbean,Lower middle income
HU,75.5682926829269,9843028,-0.237855001984657,125210324613.14,12720.7120220668,3.70325993580269,6.80999994277954,-0.0616446800641176,3.1577731001403,4.40718039205009,22.5818540433925,100,9.8114824335904,85.03813531,2.2601932414,72.83473703,10.1010101010101,-4.20607272701858,1.45,45.9510480335614,63.132999420166,47.3699989318848,70.5,1.34652,2589.09791,727.35283,1566027527.81382,14668164849,3179,1680,569,64,Europe & Central Asia,High income
ID,70.768,258383257,1.26782970253157,860854235065.079,3331.69511469189,4.87632230022123,4.51000022888184,6.36312113115614,1.1220446209705,1.89965869189427,52.4561016135176,97.5373687744141,4.7785318654267,NA,0.57704977378,22.0627426,17.1171171171171,2.29761638745523,2.389,38.0947575828055,82.4199981689453,50.7350006103516,53.313,NA,NA,NA,52092244.6704267,5889536896,37090,10454,1058,8095,East Asia & Pacific,Lower middle income
IE,81.4536585365854,4701957,0.944845307474728,291580037584.33,62012.4849258149,25.176245193701,9.90999984741211,-0.289879079012739,0.207014687905423,7.8669371072513,10.9547104078966,100,25.0934196946511,79.13883688,0.66631989373,83.49479167,16.2650602409639,81.3019392180774,1.85,45.2124809528149,69.0820007324219,54.8520011901855,62.538,1.18267,5270.65971,1161.91749,8127061423.30381,30615408587,1982,1595,NA,NA,Europe & Central Asia,High income
IL,82.0512195121951,8380100,1.98128897562083,300078278118.434,35808.4364289727,2.27967941916557,5.25,-0.634390651085145,0.284292487063426,7.89250724931683,7.62476894639556,100,1.85283218634198,91.17874112,1.3787059616,77.35208966,26.6666666666667,3.7777476167488,3.09,47.1320120760646,69.2910003662109,59.1129989624023,92.179,4.26525,NA,NA,1096100000,13753939000,2507,6718,1285,5623,Middle East & North Africa,High income
IM,NA,83232,-0.307101968807689,7085288006.11154,85126.9704694293,-0.385798408302321,NA,NA,NA,NA,6.07017543859649,100,NA,NA,1.2014609765,NA,NA,NA,NA,NA,NA,NA,52.245,NA,NA,NA,NA,NA,NA,NA,NA,NA,Europe & Central Asia,High income
IN,68.607,1310152392,1.11689591278599,2103587813812.75,1605.60544457087,7.99625378571471,5.43499994277954,4.90697344127255,3.27581729178857,1.64119839274392,23.8222246139668,88,5.36101124797904,35.70761814,3.386857916,14.9,11.9705340699816,2.09211575768566,2.295,21.1000261285005,75.9209976196289,21.7749996185303,32.777,0.6931,216.00083,95.54919,466556838.054459,14583513344,250585,24240,12579,33079,South Asia,Lower middle income
IQ,69.929,35572269,3.3162514919462,166774109673.732,4688.31801743466,4.72286401884131,10.7250003814697,1.3933302878031,0.602311714908955,4.55945050904681,1.90036118379833,99.3454284667969,0,41.08641063,NA,16.8,26.5243902439024,-4.5415922260462,3.972,16.2693957464101,72.0380020141602,14.0120000839233,69.921,0.03775,65.81003,24.98398,0,NA,NA,NA,335,102,Middle East & North Africa,Upper middle income
IR,75.796,78492208,1.31632102523348,384951479697.42,4904.32731485169,-1.32064511973016,11.1700000762939,12.4846815611533,0.345498087459076,7.67248132451568,6.56449077826076,99.9599990844727,0.0840955981655757,NA,NA,45.33497615,3.10344827586207,0.532534646083538,2.041,17.1328582025868,67.9869995117188,14.2829999923706,73.358,0.41763,825.2793,160.58917,NA,248619289,NA,NA,NA,NA,Middle East & North Africa,Lower middle income
IS,82.4682926829268,330815,1.04194038662969,17517210519.0912,52951.6815110898,4.43666371937172,3.98000001907349,1.63305558181333,1.23844808675552,6.22704532744888,0.480399002493766,100,26.671631469759,73.98600849,0.90843848509,98.2,41.2698412698413,6.54080992846603,1.8,47.5016868846565,80.9489974975586,73.0989990234375,93.7,2.19746,5887.90678,2100.90751,232042689.981485,111536289,640,2746,40,6,Europe & Central Asia,High income
IT,82.5439024390244,60730582,-0.0963761331392095,1836637711060.55,30242.3861352184,0.778304350716581,11.8999996185303,0.0387903996579552,0.523115923009125,5.56325970991024,31.6076698170939,100,22.5058779238676,95.74372839,0.77420220897,58.14173496,30.952380952381,0.724336604335298,1.35,42.2151225171952,58.9029998779297,39.7859992980957,69.565,1.3385,2077.88262,NA,3071645989.75541,30088406392,NA,NA,NA,NA,Europe & Central Asia,High income
JM,74.098,2891024,0.551043933758775,14188935947.5694,4907.927415189,0.92148712538031,13.5100002288818,3.69154228855723,16.6413738358773,2.52159788365645,53.320406278855,94.9000015258789,7.13245997088792,NA,41.784502654,42.22122119,12.6984126984127,6.5190079589336,2.026,45.1838356277827,70.2519989013672,56.2509994506836,54.833,NA,NA,NA,5521533.22,552512,1395,1472,7,63,Latin America & Caribbean,Upper middle income
JO,74.078,9266573,3.82497489731351,38587017887.3239,4164.10876894014,2.49652879315188,13.0799999237061,-0.876851359704022,13.8603866066361,2.73671830999443,1.09822031989187,99.8981704711914,0.688966025034185,81.27478999,1.6295128739,54.22,12,4.1472022917494,3.071,20.5661978922228,62.7319984436035,16.6469993591309,90.256,NA,252.41257,108.88597,12760563.3802817,121230000,2725,4760,41,294,Middle East & North Africa,Upper middle income
JP,83.7939024390244,127141000,-0.106124993746747,4444930651964.18,34960.6393843385,1.56062669674904,3.40000009536743,0.795279630579775,0.0748065192301101,9.29283236721435,68.4334705075446,100,7.75568791016029,79.42923417,0.2836266795,91.05802839,9.47368421052632,0.11816198774824101,1.45,42.8391062019534,70.254997253418,49.5690002441406,91.381,3.28165,5173.03053,521.95125,36476971138.5854,98249841614,117956,26906,258839,59882,East Asia & Pacific,High income
KE,64.798,47878339,2.49176754837837,70120413328.7838,1464.55400904329,4.96772112759767,2.77699995040894,6.58217440250398,2.23794523379929,0.356946384459996,6.18900446287381,41.5999984741211,48.2747901771837,NA,4.722386046,16.58785485,19.7142857142857,0.883793937979311,3.765,48.8322688673477,77.3050003051758,71.379997253418,25.658,NA,NA,NA,91720069.600645,81208728,3437,2824,137,56,Sub-Saharan Africa,Lower middle income
KG,70.6512195121951,5956900,2.05902596620676,6678178340.45121,1121.08283510739,3.87582544821402,7.55999994277954,6.50331838993381,25.2718914677303,1.72405110040457,6.52664233576642,98.6900024414063,0,91.47252559,5.1182002193,30.24704278,19.1666666666667,17.1312286326678,3.2,41.02537710109,75.4960021972656,49.9140014648438,35.777,0.11903,NA,NA,1392185,43740657,243,2866,122,4,Europe & Central Asia,Lower middle income
KH,68.637,15521435,1.60368077118284,18049954289.4229,1162.90499489402,6.96579781454312,0.389999985694885,1.22393195511127,6.56772096988941,0.552783940402418,50.117946974847,64.9104232788086,0.932453945872186,NA,NA,18,20.3252032520325,10.0986635313823,2.593,48.1552004693635,86.3560028076172,73.4160003662109,22.188,0.11823,30.36704,60.88483,566332.745755021,121425750,NA,NA,NA,65,East Asia & Pacific,Lower middle income
KI,67.291,110927,1.39802743576964,171117816.66613,1542.61646547846,10.4048637576282,NA,0.572015743634274,8.20957477025133,0.540896265111289,1.45679012345679,90.5581817626953,NA,24.92736807,NA,14.9,8.69565217391304,-0.479099353210429,3.692,NA,NA,NA,51.619,NA,NA,NA,NA,23848,NA,NA,NA,NA,East Asia & Pacific,Lower middle income
KM,63.471,777435,2.34845598521899,966029542.038859,1242.58560784999,1.11614058271805,8.13599967956543,NA,13.650307524111,0.2315306102761,18.8662009672219,74.5719833374023,NA,NA,NA,7.459161386,3.03030303030303,0.511029869751772,4.419,36.7193283816805,56.0639991760254,32.6959991455078,28.47,NA,NA,NA,1580933.98668536,134024,NA,NA,NA,NA,Sub-Saharan Africa,Lower middle income
KN,NA,51204,0.839385198969423,923155555.555555,18028.9734308952,1.03370422492432,NA,-2.30187563045606,2.63281892455025,4.68713381767049,42.3076923076923,100,NA,NA,NA,75.7,13.3333333333333,13.8954485003563,NA,NA,NA,NA,30.827,NA,NA,NA,0,4863484,1,240,NA,4,Latin America & Caribbean,High income
KR,82.0243902439024,51014947,0.527288497407793,1465773245547.15,28732.2310762599,2.80910326824133,3.54999995231628,0.706331772455739,0.440989083382207,11.8888685702251,65.0315562625071,100,1.50393462800377,95.22303273,0.73785364514,89.8962558,16.3333333333333,0.279995559508797,1.239,41.5107167311653,74.1060028076172,52.2960014343262,81.634,3.9782,7013.4907,1212.13441,6553500000,147041119485,160026,22979,167275,46419,East Asia & Pacific,High income
KW,75.13,3835588,3.84418504828989,114567298105.683,29869.552753237,0.593019617221231,2.20000004768372,3.27170166092134,0.0299089662554599,22.9534558977659,0.350729517396184,100,0,100,NA,82,1.53846153846154,0.24845451408201,2.083,26.8843952317823,88.2990036010742,50.1419982910156,100,0.0966,395.76691,54.75036,NA,4070227,NA,NA,NA,NA,Middle East & North Africa,High income
KY,NA,61721,1.42452783813017,4708336733.46934,76284.1939286359,2.8331222262961,NA,-2.34752770165614,0,NA,53,100,NA,NA,NA,77,NA,1709.76567771274,NA,NA,NA,NA,100,NA,NA,NA,NA,NA,NA,NA,NA,NA,Latin America & Caribbean,High income
KZ,71.97,17542806,1.46148468519161,184388432148.715,10510.7718884149,1.19999999976802,4.92999982833862,6.6657761154154,0.159592265329676,11.7791874344389,1.22549031003445,100,0.168125633993313,NA,4.8543109183,70.8299336,26.1682242990654,3.56737349139873,2.74,48.5659257728353,77.0250015258789,65.3759994506836,57.191,0.16951,777.14475,161.79134,885710,2855226709,2357,6486,1271,232,Europe & Central Asia,Upper middle income
LA,66.546,6741160,1.5155746860205,14426381187.0894,2140.04432280044,7.27006584339864,0.777999997138977,1.27735427102986,1.31157156552641,1.2846453726065,72.6516464471404,89.6999969482422,NA,54.0635676,NA,18.2,25,7.47075722325615,2.796,49.2058578333619,79.1320037841797,76.0699996948242,33.108,NA,NA,NA,NA,298095207,182,2657,1,61,East Asia & Pacific,Lower middle income
LB,78.768,6532681,4.24701618392068,50065946086.17,7663.92023216349,0.581709756533684,9.31700038909912,-3.74914524799635,14.9419268612732,4.14071956062144,13.7174975562072,99.5831756591797,0,14.91084872,3.5360673512,74,3.125,4.3128915370611,2.103,24.5025312331312,65.7129974365234,21.1319999694824,88.106,NA,NA,NA,23893863.582,37644903,930,182,110,194,Middle East & North Africa,Upper middle income
LC,75.596,179131,0.461059797609078,1808079888.88889,10093.6180163617,-1.36048466199094,20.5620002746582,-0.983600952697014,2.23998218206439,2.12135252971289,34.0491803278688,97.0327377319336,NA,NA,15.63101864,41.7,16.6666666666667,8.41999167421106,1.473,46.8690475003241,75.7529983520508,64.0319976806641,18.515,NA,NA,NA,0,2083156,NA,NA,NA,NA,Latin America & Caribbean,Upper middle income
LI,82.6560975609756,37465,0.658778023875938,6268391521.19701,167313.266280449,NA,NA,NA,NA,4.27065260910183,41.875,100,NA,98.75,0,96.6411951,20,1282.63255152283,1.4,NA,NA,NA,14.303,NA,NA,NA,NA,NA,176,2502,NA,NA,Europe & Central Asia,High income
LK,76.316,20970000,0.91981102654886,80604080688.5775,3843.78067184442,5.00768330472783,4.51999998092651,3.76836783062094,8.68409069986533,0.970910824988078,34.3951658507424,94.3518676757813,3.19374905173722,NA,2.3292492873,12.1,4.88888888888889,0.843202525776222,2.213,34.642589914292,73.8740005493164,35.4029998779297,18.256,0.10871,105.988,74.70815,NA,63227844,5983,3432,218,263,South Asia,Lower middle income
LR,62.269,4472229,2.55277350982765,3227075700,721.581050523128,-0.0185649695590939,2.07999992370605,7.74869687621311,20.2791796758905,0.281738703451903,80.6555232558139,15.161735534668,NA,NA,NA,10,10.958904109589,7.21023781604438,4.54,47.0175846813786,82.2310028076172,71.8479995727539,49.82,NA,NA,NA,NA,NA,NA,NA,NA,NA,Sub-Saharan Africa,Low income
LS,51.038,2059011,0.758719326998128,2359759799.04224,1146.06468787308,3.12755772382955,23.8409996032715,3.21844513655931,15.7146705304008,1.08304423822894,1.13702239789196,31.6773338317871,NA,38.37956927,43.56460456,25,25,8.75150343624875,3.218,45.2087314708437,73.1719970703125,57.3600006103516,26.908,0.05074,24.1134,6.94505,226947.779045948,682350,NA,NA,NA,NA,Sub-Saharan Africa,Lower middle income
LT,74.3219512195122,2904910,-0.940753796646208,41435533340.3883,14263.9645773495,2.02458395469182,9.11999988555908,-0.884097405500613,3.31314044135035,3.81078931877408,34.9082202713488,100,31.2118365429779,90.92168865,5.8665589767,71.37805901,23.4042553191489,2.50257212107379,1.7,50.4599963617262,64.8850021362305,54.4440002441406,67.23,1.04408,2785.58468,NA,22863266.0566112,1919840850,2193,1436,101,18,Europe & Central Asia,High income
LU,82.2926829268293,569604,2.35995118136865,60071584216.1375,105462.012584423,2.26978448419565,6.67000007629395,0.4747431614378,2.78872358660713,16.0286795738794,36.5020576131687,100,24.9436513899324,95.61716798,0.88223721241,96.37671417,28.3333333333333,20.8080455728053,1.47,45.5098812015653,65.4029998779297,54.5629997253418,90.179,1.27204,4480.00056,3285.45138,1142662714.40914,702202236,NA,NA,128,119,Europe & Central Asia,High income
LV,74.4804878048781,1977527,-0.818626340945853,27263090547.0617,13786.4567953114,3.88502727728979,9.86999988555908,0.174242243625214,4.89954994995809,3.70159294917339,54.5861902462578,100,16.5552141695283,72.04224815,3.3538989075,79.20058292,18,2.98148083437117,1.7,49.6542219622346,67.3889999389648,54.1110000610352,67.98,0.62352,1808.60341,NA,6659748.2204892,1291458329,1547,1443,136,1,Europe & Central Asia,High income
LY,72.121,6418315,0.880669873783281,27842131479.8726,4337.91913919348,-8.8620393625491,19.5310001373291,NA,0,8.38849448803931,0.123327687918433,73.4285736083984,0,21.83752813,NA,NA,15.9574468085106,0,2.356,35.3457207953299,61.1650009155273,33.8730010986328,79.27,NA,NA,NA,NA,NA,NA,NA,NA,NA,Middle East & North Africa,Upper middle income
MA,75.726,34663608,1.36882070040432,101179808076.36,2875.25798516781,4.53637816806425,9.46000003814697,1.55790711346266,6.82304480443495,1.82179535379006,12.7373739637015,97.3000030517578,8.19273199221285,37.74099097,1.243378935,57.07999935,16.9620253164557,3.21498327008261,2.524,26.5798767701207,71.3509979248047,24.6660003662109,60.809,NA,NA,NA,3307462.19363143,564392253,6139,4998,224,797,Middle East & North Africa,Lower middle income
MC,NA,37723,1.07406120275299,6261622101.40908,165989.505113832,4.8634732114333,NA,NA,NA,NA,0,100,NA,100,0,93.36330202,20.8333333333333,NA,NA,NA,NA,NA,100,NA,NA,NA,NA,NA,337,2422,5,1,Europe & Central Asia,High income
MD,71.478,2834530,-0.787848361701053,7745231660.33425,2732.45711293733,-0.338235324459944,4.69999980926514,9.67624033101868,19.8847506122694,2.82939323274052,11.7518248175182,100,0.311935642751601,NA,4.6429304015,69.00000447,21.7821782178218,2.91624589044574,1.261,48.6701441281575,48.1660003662109,41.1580009460449,42.49,0.30943,758.22053,67.54749,4480000,20717772,1251,3238,64,60,Europe & Central Asia,Upper middle income
ME,76.4487804878049,622159,0.0561107244885728,4052913385.82677,6514.27269528653,3.39038139712073,17.5400009155273,1.54869158222488,11.5900491231135,3.79324256339617,61.4869888475836,100,0,40.71380573,2.7115097208,68.11978601,17.2839506172839,17.2679657497489,1.74,45.4110677594706,60.117000579834,47.6450004577637,65.806,0.374,834.61997,129.38707,764802.735833373,11848593,109,2968,23,NA,Europe & Central Asia,Upper middle income
MG,65.539,24234080,2.69413797978676,11323020828.5844,467.235431614667,3.13229807257076,1.78999996185303,7.40419174202125,2.88654897261447,0.136997154420552,21.4779821244414,23.0059337615967,NA,8.745424596,NA,4.17397219,20.5298013245033,2.89727724196313,4.241,48.8974563245783,89.2200012207031,83.5989990234375,35.193,NA,NA,NA,15610274.7936644,1571831,638,1181,3,16,Sub-Saharan Africa,Low income
MH,NA,57444,0.455390878332687,183814300,3199.88684631989,1.61392146153455,NA,NA,14.8737225068996,2.61123877167328,52.2222222222222,92.5262756347656,NA,NA,NA,19.2824418,9.09090909090909,-2.93428666826815,NA,NA,NA,NA,75.811,NA,NA,NA,NA,NA,NA,NA,NA,NA,East Asia & Pacific,Upper middle income
MK,75.4024390243902,2070226,0.133165884651483,10064515432.0265,4861.55397141497,3.85586514041738,26.0699996948242,-0.299920475631447,3.04691047543313,3.61313209282465,39.4290245836638,100,2.90471130003542,12.46933043,1.2023074685,70.38020308,33.3333333333333,2.9470291181371,1.49,39.4776946740548,67.4280014038086,43.4720001220703,57.408,0.44412,858.45042,74.35094,9247096,125086856,NA,NA,NA,NA,Europe & Central Asia,Upper middle income
ML,57.509,17438772,2.93599897717652,13104764333.9941,751.47288662264,6.17180002424978,7.73000001907349,1.45069057605958,6.23133496533009,0.195541291554245,10.896663634352,37.5999984741211,NA,16.40083107,NA,10.33,8.84353741496599,2.10163835034402,6.145,44.1702006874127,80.0019989013672,61.4010009765625,39.991,0.31462,30.84218,18.45485,NA,NA,NA,NA,NA,NA,Sub-Saharan Africa,Low income
MM,65.81,52680724,0.76201232393419,63045306513.9323,1196.74335747421,3.27727941700189,0.769999980926514,9.45417189525996,3.06720303606832,0.360853051298232,45.9246034176517,60.5,0,60.92729913,2.1867581015,10.9,12.6934984520124,6.47762591305568,2.198,41.6583922034989,79.6510009765625,51.2470016479492,29.858,NA,NA,NA,21600170.7325036,9486539,NA,NA,NA,NA,East Asia & Pacific,Lower middle income
MN,69.111,2998433,1.96424831312739,11619892396.0767,3875.32167504717,2.37983580688504,4.8600001335144,5.72687224669603,2.24538025768875,5.76968036304296,9.10469149761818,88.4001770019531,3.08362053328496,48.54463438,7.1370612583,22.50000413,14.4736842105263,0.811709474228883,2.918,45.9880186022016,65.9860000610352,53.9039993286133,68.23,0.15468,NA,NA,2387056.27236686,3152908,1197,2233,109,128,East Asia & Pacific,Lower middle income
MO,83.707,602093,1.99335126527535,45047964934.2517,74818.948126372,-21.5144113141449,1.80999994277954,4.56056338028171,0.0877456045610689,NA,NA,100,NA,61.18143383,0.16608729881,77.60013186,NA,1.07999881240446,1.203,48.6538134216349,79.7580032348633,68.2310028076172,100,0.13554,1276.89058,1107.30213,0,0,1833,11307,3,62,East Asia & Pacific,High income
MP,NA,55779,0.860646291860494,910000000,16314.3835493645,3.38345864661653,NA,NA,NA,NA,64.1086956521739,100,NA,NA,NA,NA,NA,NA,NA,NA,NA,NA,91.357,NA,NA,NA,NA,NA,NA,NA,NA,NA,East Asia & Pacific,High income
MR,63.936,4046304,2.89369909323781,6166857628.62212,1524.07175254803,5.37633923694936,10.1379995346069,3.23770308329082,0,0.729060396846109,0.329911710488018,39.5,NA,NA,NA,17.6,25.1700680272109,8.1358577730928,4.738,30.9296813563299,63.0330009460449,27.8509998321533,51.089,NA,NA,NA,0,NA,NA,NA,NA,NA,Sub-Saharan Africa,Lower middle income
MT,81.8975609756097,445053,2.38639536345808,11091434483.5238,24921.6036820869,9.60813281079976,5.38000011444092,1.1005482637893,2.47398356852131,3.7074236102217,1.09375,100,7.67459708365311,91.86797469,0.92259646323,75.96001898,12.8571428571429,32.8244750678254,1.37,39.2913707778566,67.9759979248047,43.6110000610352,94.414,0.74253,1891.32275,765.75506,497572086.490316,634073643,410,294,9,2,Middle East & North Africa,High income
MU,74.3531707317073,1262605,0.132433082605329,11692287066.381,9260.44730250635,3.5530717035885,7.40999984741211,1.28654970760235,1.9121817663898,3.13637281651823,18.8669950738916,99.3616104125977,18.651985318652,NA,1.6673852303,50.13931848,11.5942028985507,1.85126474462277,1.36,39.0241873773164,73.2310028076172,45.3639984130859,41,NA,NA,NA,1054090.71846017,1289245.99999998,991,1058,1,20,Sub-Saharan Africa,Upper middle income
MV,77.691,454914,4.47209805541824,4109424799.72407,9033.41027034576,2.8845485296051,6.92899990081787,0.953206658777659,0.0886627081195151,2.96759387488624,2.73333333333333,99.7064743041992,NA,NA,NA,54.46195515,5.88235294117647,7.25103896322752,1.991,25.6919149771734,68.265998840332,38.298999786377,38.529,NA,NA,NA,NA,NA,NA,NA,NA,NA,South Asia,Upper middle income
MW,61.953,16745305,2.75941225496406,6373212640.84604,380.596987683774,2.80000000006831,5.86399984359741,21.8673475542553,0.651068454425785,0.0716618777621548,26.0044548154434,10.8000001907349,NA,22.94875758,NA,6,16.6666666666667,4.51493941065915,4.527,48.4117451780054,82.6780014038086,72.8470001220703,16.313,NA,NA,NA,NA,4020371,428,836,6,NA,Sub-Saharan Africa,Low income
MX,74.904,121858251,1.24116450246976,1171867608197.72,9616.64555810607,3.29315152833387,4.30999994277954,2.7206406496403,2.23857811407087,3.87819450978334,34.1217160935209,99,5.49016834973549,45.36435171,17.037828649,57.43104299,42.3694779116466,3.05652961037869,2.215,37.49982221611,77.7180023193359,43.2000007629395,79.285,0.42986,281.32423,120.92606,7403588,60215238431,90684,29759,1364,16707,Latin America & Caribbean,Upper middle income
MY,75.461,30270965,1.3448002213693,301354803994.367,9955.24272167626,5.09153242155011,3.09999990463257,2.10438980238344,0.545443715012781,7.68227904197967,59.2427940952671,99.7788162231445,0.682107338648975,73.44444153,NA,71.06406781,10.3603603603604,3.27094905445992,2.056,37.9830492066951,77.6460037231445,50.4669990539551,74.213,1.27945,2307.9544,132.35787,88671089.3373571,64451562699,15940,19983,1272,6455,East Asia & Pacific,Upper middle income
MZ,57.206,27042001,2.83474676145066,15950969018.9458,589.85904996253,6.72327878035819,3.4300000667572,3.55075967356746,0.89573953964526,0.208564447579157,48.2463948727078,24,0,NA,NA,6.5,39.6,24.2515290472658,5.062,52.30990769043,80.0820007324219,78.1320037841797,34.4,0.31312,42.96538,26.74062,0,31400309,1157,2574,24,30,Sub-Saharan Africa,Low income
"NA",62.119,2314901,1.80789772250956,11335179562.0211,4896.61526001377,4.26417453763675,20.9109992980957,3.39401538410559,0.41175962934624,1.8445713229205,8.49512322510901,51.5999984741211,0,NA,NA,25.68785182,41.3461538461538,7.40066849515662,3.54,48.8170333646834,65.3580017089844,56.3740005493164,46.9,NA,NA,NA,345306.613035486,6256557,1608,2430,13,11,Sub-Saharan Africa,Upper middle income
NC,77.2804878048781,268700,0.242198534789868,8738203041.54819,32520.2941628143,NA,14.7290000915527,0.570508141048026,7.01401391911975,NA,45.8708971553611,100,NA,NA,NA,74.00175279,NA,13.7773800215321,2.06,45.7737241863161,69.1119995117188,58.8699989318848,69.379,NA,NA,NA,314995.246457131,38232166,NA,NA,NA,NA,East Asia & Pacific,High income
NE,60.631,20001663,3.88145154449419,9683867893.68343,484.153137350801,4.39264883201906,0.529999971389771,-0.576090369833086,1.77187725923627,0.0984918104059647,0.901397331649167,16.6000003814697,0.753295668549906,14.1756123,NA,2.476219975,13.2743362831858,5.46761765963348,7.169,42.870750722801,85.052001953125,62.3300018310547,16.247,NA,NA,NA,676.576599152079,11881005,NA,NA,NA,NA,Sub-Saharan Africa,Low income
NG,53.112,181137454,2.64740607245442,486803295097.89,2687.48005643212,2.65269329541835,4.30999994277954,9.00938718326781,4.23703929938689,0.597060395913481,24.6422807075332,52.5,0,27.62076539,NA,24.5,5.55555555555556,0.629447034420169,5.592,45.7558437038885,59.4860000610352,50.7700004577637,47.838,NA,NA,NA,0,495095300,NA,NA,NA,NA,Sub-Saharan Africa,Lower middle income
NI,73.649,6223234,1.30197873969913,12756706583.3113,2049.8516660809,4.79208628219105,4.69999980926514,3.99737996694398,9.38721912414763,0.846826585662696,32.4707495429616,83.2493286132813,43.6121423891679,NA,8.4200594096,19.7042915,41.304347826087,7.58032642425951,2.48,38.3622216140227,82.9800033569336,48.3569984436035,57.895,0.10742,NA,NA,NA,11891363,NA,NA,NA,NA,Latin America & Caribbean,Lower middle income
NL,81.509756097561,16939923,0.443220089035769,765572770634.375,45193.4032187971,1.95916972105708,6.86999988555908,0.600248147278775,0.30017933590355,9.33357253158707,10.8354618354618,100,12.3575906241483,97.48330602,0.61398618012,91.72413793,37.3333333333333,42.1357200994067,1.66,46.2231929088376,70.1139984130859,58.7869987487793,90.173,1.98487,4673.08231,NA,37503188434.6119,69698578995,NA,NA,2207,287,Europe & Central Asia,High income
NO,82.3048780487805,5188607,0.995084736958414,385801550067.169,74355.5158575643,1.96712843821408,4.30000019073486,2.17113665389528,0.157838259632376,7.44708550869241,33.2456439881958,100,1.88435402509693,63.65054922,0.46155381708,96.81032569,39.6449704142012,1.88544780890736,1.72,47.7783919937728,67.6529998779297,62.2900009155273,81.091,1.93526,5890.95502,NA,509698555.658137,5035410455,4157,10876,1153,652,Europe & Central Asia,High income
NP,69.515,27015033,0.404484777150552,24360795410.1597,901.749607715071,3.97605327162971,3.09999990463257,7.86890895590905,27.6260916660604,0.23912611915003,41.5907220090687,82.5239562988281,0.199828718241507,36.85708854,NA,17.58161801,29.5492487479132,0.213029579102529,2.098,55.4190991865051,85.4570007324219,81.572998046875,18.557,NA,NA,NA,NA,2850013,2464,1812,11,71,South Asia,Lower middle income
NR,NA,10374,0.822731253553531,86529661.3694983,8341.01227776155,3.7037037037037,NA,NA,12.042668655095,4.81974166184693,0,99,NA,NA,NA,NA,5.26315789473684,NA,NA,NA,NA,NA,100,NA,NA,NA,0,NA,NA,NA,NA,NA,East Asia & Pacific,High income
NZ,81.4568292682927,4609400,2.0360339086492,178064471137.921,38630.7265886928,3.70737581770793,5.40999984741211,0.292704628136101,0.298620073871785,6.98355534342865,37.3955033990354,100,24.5786675715417,81.22610678,1.0401932852,85.2,31.404958677686,-0.0412057475319413,1.99,47.369837864639,74.4469985961914,63.4160003662109,86.341,1.2323,5417.66749,1040.19216,369228462.074208,657032900,8791,11936,1184,5317,East Asia & Pacific,High income
OM,76.887,4267341,5.7905914207208,78710793237.9714,18444.9270020773,5.01705799719045,3.39199995994568,0.0652901330286481,0.0495633469136904,16.0052829150518,0.00969305331179321,100,0,NA,0.37494074179,73.53,1.17647058823529,-2.76001757846704,2.939,13.0246517664296,87.5879974365234,29.4759998321533,81.35,0.25163,212.53692,52.38312,NA,138986752,6914,2062,5,341,Middle East & North Africa,High income
PA,77.776,3968490,1.70730192071397,54091713775.5634,13630.3011411301,5.73269026026031,2.97699999809265,0.137492058461537,1.02455618673773,2.69623962766695,57.6215596330275,92.2947692871094,4.55516705516705,NA,11.868494062,51.20542499,18.3098591549296,9.46411130777059,2.54,39.3809872920057,76.4140014648438,49.2529983520508,66.696,0.12033,NA,NA,5900000,655095419,3830,5352,14,389,Latin America & Caribbean,Upper middle income
PE,75.792,30470739,1.25615925906743,189805300841.603,6229.10067398112,3.25224477218451,3.26999998092651,3.39809194746299,1.43571472544002,1.76628469693498,57.1832265625,93.852180480957,3.58956291061325,40.66890798,7.3742878373,40.85260091,22.3076923076923,4.38026059211907,2.323,45.4064191654611,84.3740005493164,67.7220001220703,77.357,0.11702,NA,NA,13684929,219746241,17596,8758,67,1182,Latin America & Caribbean,Upper middle income
PG,63.466,8107772,2.00622070097932,21723531173.2409,2679.34657921324,6.57835632304275,2.4760000705719,5.99595778127105,0.0181579500303467,0.793066208571233,79.5486924877446,42.8782196044922,NA,NA,NA,7.9,2.7027027027027,0.983772378846557,3.707,48.5403957768673,48.6119995117188,46.9970016479492,13.012,NA,NA,NA,NA,NA,109,862,1,46,East Asia & Pacific,Lower middle income
PH,70.644,102113206,1.57936252126472,306446140627.933,3001.04318170103,6.3483097167198,3.0699999332428,0.674192536845412,9.72418697746251,1.11317629181088,23.5239963779052,89.0800018310547,14.8993484037713,54.77230402,9.4463785615,36.9,27.2413793103448,1.8401784895443,2.805,39.7017400982624,74.3209991455078,48.5900001525879,46.284,0.15683,105.68078,17.53814,11191903.05,NA,14809,11528,375,3359,East Asia & Pacific,Lower middle income
PK,66.577,199426953,2.08855182687829,270556131701.171,1356.66783065763,4.73114747532901,3.5699999332428,2.52932817254226,7.13567268965963,0.820300353282738,5.10144250726443,71.3815460205078,0.757705595295009,NA,4.7566288595,11,20.5882352941176,0.618355972744254,3.66,22.4450416901247,78.7949981689453,23.9360008239746,36.026,0.24605,278.85397,67.44324,15000000,266537594,23544,4512,209,677,South Asia,Lower middle income
PL,77.4512195121951,37986412,-0.0666411009657168,477811911394.084,12578.4954734362,4.23632684997848,7.5,-0.874125874125849,1.43026991103274,7.60929987280715,30.7652111434077,100,12.687643375664,89.06251536,0.78350792589,67.99698716,27.3913043478261,3.15291428295409,1.32,44.8531548060404,64.5599975585938,48.4150009155273,60.278,1.00324,2171.57881,443.60217,415000000,16500616763,12615,2852,4676,139,Europe & Central Asia,High income
PR,79.353487804878,3473232,-1.75920825815177,103375500000,29763.4883013861,-1.04944365110551,12,NA,NA,NA,55.6798196166855,100,NA,32.50916088,18.157557921,63.46633538,NA,NA,1.3365,43.0259879459681,48.9519996643066,32.7410011291504,93.624,0.42883,348.36426,156.14289,NA,NA,NA,NA,NA,NA,Latin America & Caribbean,High income
PS,73.442,4270092,2.29048005844149,13972400000,3272.15432360708,3.72129967114788,23,1.43161145810472,13.0071577445967,NA,1.6843853820598,99.9000015258789,NA,59.01085561,1.1922740641,56.7,NA,0.751035803856388,3.955,19.9336201815918,69.6890029907227,17.7129993438721,75.368,NA,NA,NA,0,5860647,NA,NA,NA,NA,Middle East & North Africa,Lower middle income
PT,81.1243902439025,10358076,-0.414141101993213,199394066525.44,19250.1065376852,1.79204604555983,12.4399995803833,0.487938623904736,0.185172422368903,4.81266984331839,36.154994891142,100,30.6390281000761,78.1730268,0.9644739865,68.63286148,34.7826086956522,0.636936823177505,1.31,48.8763497667212,64.120002746582,53.7589988708496,63.514,1.2433,3729.77304,752.77583,80679035.4803262,2095866078,16548,1961,925,20,Europe & Central Asia,High income
PW,NA,17665,0.226693211277624,280457700,15876.4619303708,7.53906979437211,NA,0.94904064369715,0.810722636877258,12.4540050948203,89.1086956521739,99.3692398071289,NA,NA,16.98273422,NA,0,12.3309711757548,2.21,NA,NA,NA,78.159,NA,NA,NA,NA,2231245,NA,NA,NA,NA,East Asia & Pacific,High income
PY,73.662,6688746,1.34288874047377,36211372702.8085,5413.77602061858,2.95715173487106,4.55999994277954,3.12900274473924,1.52891304216441,0.95234592552924,44.0446513969293,99.3315353393555,0,56.62507469,9.2244495456,49.71630466,15,1.32684590099159,2.508,39.5991085817984,80.7870025634766,54.6609992980957,60.75,0.09687,182.69493,NA,NA,50417841,NA,NA,NA,NA,Latin America & Caribbean,Upper middle income
QA,79.758,2565708,4.23975568526253,161739955576.923,63039.1126258027,4.75334572438737,0.170000001788139,1.81407723937759,0.270241147605629,32.4705695270077,0,100,0,91.4,NA,92.88482645,0,0.662099304441699,1.929,13.2819829715289,95.8310012817383,58.2050018310547,98.945,0.51883,583.9826,390.4962,0,202686526,NA,NA,NA,NA,Middle East & North Africa,High income
RO,74.9121951219512,19815616,-0.470052227864654,177729210874.504,8969.14892146193,2.95367403735953,6.80999994277954,-0.594156437495137,3.03350073248586,3.6789166685507,29.9937413073714,100,14.5156396953976,72.69717227,1.701364635,55.76315563,13.715710723192,2.42938763474009,1.62,42.9924160894967,64.5220031738281,45.2560005187988,53.887,0.48793,876.22819,267.40041,90641332.0534092,4436062569,8067,1974,975,78,Europe & Central Asia,Upper middle income
RS,75.2878048780488,7095383,-0.494772574469842,39655958842.5478,5588.98072768556,1.80605926509682,17.6599998474121,1.39235822000187,8.49919054395279,6.3647022296048,31.0945575120055,99.9000015258789,0.0930974863678681,18.6479067,1.1715964026,65.3170254,34,5.9086699808497,1.46,43.3474343199462,60.2599983215332,43.423999786377,55.696,0.81146,2071.21672,420.25773,45270783.1441931,390638512,1340,4686,178,13,Europe & Central Asia,Upper middle income
RU,71.1834146341463,144096870,0.192557946508244,1363481063446.77,9313.01362484996,-1.97271922637542,5.57000017166138,15.5344050528404,0.506306261602842,10.808909312187,49.7610630114301,95.5,0.0910265638035215,59.60218895,11.481183037,70.09924123,13.5555555555556,0.502608373795545,1.777,48.4407647225954,71.2409973144531,55.4910011291504,74.05,1.10085,3098.11238,483.64295,726170000,11449519375,34314,24317,29269,16248,Europe & Central Asia,Upper middle income
RW,67.45,11369066,2.54270036203703,8539048447.78065,751.077392617885,8.85684435529079,1.14800000190735,2.52850284192422,1.86437584946168,0.0818009148684685,10.9444669639238,22.7999992370605,NA,NA,2.5771686082,18,63.75,1.89814851137526,4.157,51.6467106980162,83.3450012207031,83.7679977416992,17.004,NA,NA,NA,0,8666023,246,1092,5,1,Sub-Saharan Africa,Low income
SA,74.651,31717676,2.55807744862499,654269902880,20627.9269288204,4.10640887013656,5.59000015258789,1.20607322150117,0.0451548204646953,17.6917123436156,0.454484134921779,100,2.95564172893219e-4,53.03320352,1.4881292059,69.6162358,19.8675496688742,1.2442917870486,2.507,16.0687996181733,76.838996887207,21.1749992370605,83.18,NA,NA,NA,NA,278105526,7423,10831,715,1691,Middle East & North Africa,High income
SB,72.173,603133,2.69783428578086,1307061543.70981,2167.11992829078,1.41570141570142,0.734000027179718,-0.574469286359543,1.42211290022542,0.513982819709749,90.2686673812076,55.0999984741211,NA,NA,NA,10.00046498,2,2.4652801330293,4.459,48.5486366962141,87.9410018920898,83.9779968261719,22.36,NA,NA,NA,508282.447520001,193415,NA,NA,NA,NA,East Asia & Pacific,Lower middle income
SC,74.2951219512195,93419,2.22979505321923,1377495054.04127,14745.3414620288,4.93738561888499,NA,4.0419441072562,1.33751702959547,5.35223027435532,73.2608695652174,100,NA,NA,7.3698950316,54.25961786,43.75,7.68740307942643,2.31,NA,NA,NA,55.4,NA,NA,NA,1271964.59675,1389125,NA,NA,NA,NA,Sub-Saharan Africa,High income
SD,64.429,38902948,2.40720186967684,51726758676.7677,1329.63596169544,1.91017689052751,17.4899997711182,16.9095706050979,0.292676390954571,0.457548872645847,10.3873887975825,46.9031066894531,0,NA,NA,NA,30.5164319248826,3.34135261447755,4.594,29.8622716932614,70.2160034179688,29.17799949646,33.894,NA,NA,NA,479.028571428571,1014184,1333,1917,267,1,Sub-Saharan Africa,Low income
SE,82.2048780487805,9799186,1.05745468551674,505103781349.757,51545.4836095322,4.48928158790491,7.42999982833862,-0.0467847449832651,0.672470104829484,4.00033227249692,68.6946060739977,100,16.7540495643206,94.55197972,1.1469593953,90.61019664,43.5530085959885,2.03014290805931,1.85,47.7030077869698,67.3499984741211,60.689998626709,86.553,3.21903,6834.03397,NA,8616444305.7364,18912184795,8352,1784,2038,390,Europe & Central Asia,High income
SG,82.7439024390244,5535002,1.18637693749822,308004146057.608,55646.6187469505,2.98852067557713,3.78999996185303,-0.522618167075314,0,8.22041256714993,23.2318758815233,100,1.82088664088069,100,0.25035125175,83.2,23.9130434782609,22.6537707423889,1.24,41.6480483828166,79.3570022583008,62.568000793457,100,2.18198,7006.63036,449.98133,8651355627.07981,138734952585,5393,15987,1469,9345,East Asia & Pacific,High income
SI,80.7756097560976,2063531,0.075190689011533,43107506024.3254,20890.1664304173,2.21008160650594,8.96000003814697,-0.525552285820838,0.926767728888285,6.38226418696884,61.9582377647374,100,3.69170547344267,61.41714762,0.96562425919,73.09865997,36.6666666666667,4.01356343441886,1.57,45.81485925352,62.8969993591309,51.8790016174316,53.781,2.19565,3814.21582,2399.57628,58216200.4680008,1552487405,NA,NA,NA,NA,Europe & Central Asia,High income
SK,76.5634146341463,5423801,0.0950338786482762,88636928904.6449,16342.2162621093,5.21564980342959,11.4799995422363,-0.325219777427739,2.4124686444762,5.6694557930868,39.9681793602596,100,8.16311204565936,82.31967293,0.80947616957,77.63468203,18.6666666666667,1.71529851577977,1.4,45.2044030319546,67.9120025634766,51.9669990539551,53.889,1.1626,2650.20804,389.22947,26246728.1282843,7461127959,2537,2001,228,28,Europe & Central Asia,High income
SL,52.941,7171909,2.18142872081082,4218723875.1379,588.228862794816,-20.5987707154032,4.74200010299683,6.69367927894743,1.14166501578781,0.13106691677209,36.485591576614,19.5345363616943,NA,12.71464273,1.7289678383,6.344421603,12.396694214876,5.98370115952776,4.561,49.8914927991059,57.3419990539551,56.4179992675781,40.829,NA,NA,NA,3784866.47526036,552.999999999997,NA,NA,NA,NA,Sub-Saharan Africa,Low income
SM,NA,33270,0.993800751461318,1419394771.21029,42662.9026513461,2.29150556129267,NA,0.145686073241013,NA,NA,16.6666666666667,100,NA,70.3715,NA,NA,16.6666666666667,NA,NA,NA,NA,NA,96.739,NA,NA,NA,NA,NA,101,1160,7,296,Europe & Central Asia,High income
SN,66.747,14578450,2.80829036215636,17774766636.0459,1219.24941513302,6.36704365066983,6.76000022888184,0.135211933635241,9.88904382148113,0.636556012470462,42.944787825274,60.5,1.76991150442478,20.97874665,0.26751815179,21.7,42.6666666666667,2.30194935434568,4.841,40.052413213956,57.9059982299805,34.4379997253418,45.862,0.5772,564.33948,36.90376,3410115.20387626,28135399,NA,NA,NA,NA,Sub-Saharan Africa,Lower middle income
SO,55.92,13797204,2.74537714131231,5331761394.25501,386.437816984877,14.895301418612,18.9029998779297,NA,0,0.047110994372483,10.1440207861766,51.1348609924316,NA,27.11873811,NA,1.76,13.8181818181818,5.68292497722204,6.363,30.7375751820196,47.9070014953613,20.8379993438721,43.245,NA,NA,NA,NA,NA,NA,NA,NA,NA,Sub-Saharan Africa,Low income
SR,71.249,559136,1.05321474744821,5126291450.81511,9168.23715664009,-3.41109601307089,7.21999979019165,6.89390359168242,0.13080722327522,4.91830252389401,97.7671153846154,94.8952331542969,0,26.83321407,6.0808103932,42.76382778,25.4901960784314,3.58282111853699,2.494,40.2229922216169,66.7809982299805,44.4529991149902,66.056,NA,NA,NA,79441.29887743,2471126,159,527,NA,NA,Latin America & Caribbean,Upper middle income
SS,56.855,10715657,1.51174412560417,11997800760.2242,1119.65143716565,-10.7933646271143,12.2749996185303,52.7663304192143,9.49107276206113,0.183843137196347,11.3251337213147,4.60133981704712,0.606060606060606,NA,NA,3,26.5060240963855,0.0012502291294692,4.937,49.2246239775599,75.6060028076172,72.1360015869141,18.852,NA,NA,NA,NA,NA,NA,NA,NA,NA,Sub-Saharan Africa,Low income
ST,69.377,199439,1.87875940029521,316066072.343754,1584.77565743788,3.91133798862562,13.8210000991821,5.25017086354882,6.3215253518395,0.601687734094134,57.2916666666667,67.2492980957031,NA,29.05384394,NA,25.82,18.1818181818182,8.83488029356129,4.477,34.8046029026732,71.8929977416992,37.8520011901855,70.174,NA,NA,NA,0,222420,6,654,NA,NA,Sub-Saharan Africa,Lower middle income
SV,72.412,6325121,0.475379938992478,23438240000,3705.57970353453,2.39897313327137,4,-0.731384487387986,18.2378057227401,1.10669819597127,29.265444015444,95.4000015258789,35.2312573050593,NA,105.23118846,26.80260496,32.1428571428571,2.10997804482034,2.101,41.9811789102534,74.4020004272461,44.7970008850098,69.7,0.14348,63.23987,NA,29143493.3225,208807067,4419,7030,7,196,Latin America & Caribbean,Lower middle income
SX,77.219512195122,38825,2.98022317393175,1253072625.69832,32274.8905524359,0.400000000000006,NA,0.330027165141339,4.39857333927775,NA,10.8823529411765,100,NA,NA,NA,NA,NA,2.21622826571556,NA,NA,NA,NA,100,NA,NA,NA,201117.318435754,NA,NA,NA,NA,NA,Latin America & Caribbean,High income
SY,69.908,17997411,-3.88682264150975,16492072144.2125,916.358033064448,-3.18728129711911,8.71199989318848,NA,NA,1.44687477548854,2.84310842454937,89.8164291381836,0,NA,NA,29.97979724,12.4,NA,2.94,18.0011014903028,71.9229965209961,15.8100004196167,52.168,0.02053,90.95754,67.95423,NA,NA,NA,NA,198,NA,Middle East & North Africa,Low income
SZ,55.359,1104038,0.819991316155699,4063245671.29285,3680.34947283775,2.22748067532406,23.3290004730225,4.95124493704917,2.35701727350703,0.932938902465314,28.5755813953488,64.0124130249023,NA,NA,10.144578357,25.64304231,6.15384615384615,0.775195420568083,3.065,48.5337928193704,56.2430000305176,46.8769989013672,23.3,0.26661,142.34351,36.04929,21709.8283019224,2766878,NA,NA,NA,2,Sub-Saharan Africa,Lower middle income
TC,NA,35979,1.7043159552609,942070000,26183.8850440535,11.3148293929929,NA,NA,0.642521256382222,NA,11.0736842105263,100,NA,NA,NA,NA,NA,-7.41855700744106,NA,NA,NA,NA,92.195,NA,NA,NA,NA,NA,NA,NA,NA,NA,Latin America & Caribbean,High income
TD,53.137,14110971,3.22199984419079,10950392219.9104,776.019752284262,2.76767568484473,1.07099997997284,4.3771266506566,0,0.068740840017317,3.88341804320203,7.69999980926514,NA,9.356973052,NA,3.5,14.8936170212766,5.11070298908964,6.049,41.2901273494938,72.7379989624023,50.4329986572266,22.515,NA,NA,NA,NA,NA,NA,NA,NA,NA,Sub-Saharan Africa,Low income
TG,59.927,7323162,2.56099971332713,4180866177.03946,570.909967175308,5.74286845286585,2.20000004768372,2.5839052698704,8.70015416415621,0.24852652447126,22.5054237911381,44.647590637207,6.17283950617284,8.321616697,NA,7.12,17.5824175824176,6.16762234296234,4.516,48.3305232031349,60.935001373291,55.5559997558594,40.1,NA,36.13195,10.419,NA,1245120,NA,NA,NA,NA,Sub-Saharan Africa,Low income
TH,76.091,68714519,0.402136059408841,401296437424.995,5840.05306687798,3.13404724911635,0.600000023841858,-0.900424963291544,1.4689054483646,3.8285940704904,39.2667697547417,99.5999984741211,5.87252475247525,24.25724286,3.4737927802,39.31612674,6.09137055837564,2.22468438530078,1.538,45.6560855022134,77.947998046875,61.1139984130859,47.694,0.61609,864.67908,240.69152,84671391.1682498,38815026835,33347,18997,1029,7138,East Asia & Pacific,Upper middle income
TJ,70.137,8454019,2.40860201118626,8271454300.59548,978.404981180605,5.99999926409104,7.55399990081787,5.71455949649708,27.3064824883019,0.563045812884972,3.0391238561856,98,0,NA,NA,18.98,19.047619047619,5.48890562047009,3.623,37.6518460268327,52.8310012817383,31.8279991149902,26.742,0.10888,NA,NA,0,NA,109,2423,NA,1,Europe & Central Asia,Lower middle income
TL,68.459,1196294,1.85281178758374,1594410900,1332.79185551378,2.76107911021018,4.44600009918213,0.646148614181263,3.86262412029421,0.509908099513999,62.4142568930733,67.2815322875977,NA,NA,4.0959830945,18.6,38.4615384615385,2.69663861429949,4.219,45.445283927546,72.6760025024414,61.4729995727539,29.49,NA,NA,NA,0,NA,NA,NA,NA,NA,East Asia & Pacific,Lower middle income
TM,67.704,5565283,1.79414757129201,35799714285.7143,6432.68532538494,6.49999990951666,4.13899993896484,NA,0.0446930941188677,12.9517223113362,8.78215904496414,100,0,NA,NA,14.99677482,25.8064516129032,8.49997845154391,2.93,41.3744317030763,56.7490005493164,37.8839988708496,50.317,NA,NA,NA,NA,NA,NA,NA,NA,NA,Europe & Central Asia,Upper middle income
TN,75.922,11179951,1.04982516714664,45780069046.659,4094.83628744518,1.00018078425357,15.1599998474121,4.437371273215,4.30618785355753,2.65385778524432,4.47399588053553,99.9000015258789,2.48526123195771,74.36254533,NA,46.49999434,31.3364055299539,2.11996597853762,2.251,28.3458301842898,68.9820022583008,26.1070003509521,68.056,0.62936,1799.02431,63.50655,21767667.1127254,838425090,2320,3129,180,409,Middle East & North Africa,Lower middle income
TO,70.517,100780,-0.240829043618987,437006227.162781,4336.23960272654,1.17188825589601,2.54999995231628,-1.05399831971282,29.5826719968771,1.09148640603294,12.4305555555556,100,NA,35.26561548,NA,38.65127243,0,1.45287524187726,3.678,41.2190316224684,58.1689987182617,38.9020004272461,23.275,NA,NA,NA,0,NA,NA,NA,NA,NA,East Asia & Pacific,Upper middle income
TR,76.532,78529413,1.66948158450263,864316670330.882,11006.2795239649,6.08448690443663,10.2399997711182,7.6708536484588,0.161399177857574,4.47717595953506,28.104803606928,100,6.30713224311739,74.15937825,2.846067371,53.74497914,14.9090909090909,2.2286970344591,2.101,31.7197977867764,72.0210037231445,31.6079998016357,73.611,0.8815,1211.78504,220.52787,81000000,3872098674,95914,13663,5352,489,Europe & Central Asia,Upper middle income
TT,72.941,1370332,0.585143887675024,24959858249.4433,18214.460619356,1.48378103427828,2.4300000667572,4.66121598098263,0.621809612178796,15.5144884597309,44.8908382066277,100,0,NA,30.649506835,65.1,30.952380952381,0.708456526961204,1.767,41.9886435098978,70.8300018310547,49.5029983520508,53.319,0.08623,NA,NA,807323.586481127,5675253.00000003,380,1296,3,165,Latin America & Caribbean,High income
TV,NA,11099,1.14173041611804,35492074.2243257,3197.77225194394,9.14289393283154,NA,NA,2.91478169621385,0.900982070456798,33.3333333333333,98.0148849487305,NA,6.174528522,NA,27.3,6.66666666666667,0.845259136177464,NA,NA,NA,NA,59.73,NA,NA,NA,NA,NA,NA,NA,NA,NA,East Asia & Pacific,Upper middle income
TZ,63.111,51482638,3.00106704071869,47378599025.3044,947.933351658407,6.16062877406682,2.14299988746643,5.58816952959301,0.818446346969605,0.227066841446625,54.2899074283134,26.1706371307373,0.667196187450357,22.07175817,7.2762394188,10,36,3.17870288905471,5.079,48.2428657381194,87.9619979858398,80.0459976196289,31.617,NA,NA,NA,197676,9416265,NA,NA,1,1,Sub-Saharan Africa,Lower middle income
UA,71.189512195122,45154036,-0.261249679711809,91030959454.6961,2124.6623187838,-9.77298721103519,9.14000034332275,48.6998646434423,9.30892088885134,4.22708614574343,16.6704068773844,100,1.05238482986651,64.83414272,NA,48.88464368,12.085308056872,-0.217508418219562,1.506,48.9605123580415,63.3979988098145,50.4049987792969,69.061,0.61477,1005.99722,186.69699,85000000,1494818551,21246,9757,2271,2226,Europe & Central Asia,Lower middle income
UG,61.373,38225447,3.49774773005758,32387183844.6574,847.267628934656,5.18785986254728,1.91100001335144,5.41000419560863,2.78553870193132,0.127140436055594,12.687811689607,18.5,NA,NA,NA,5.7,34.9740932642487,2.2776050665273,5.394,49.1491240885989,74.2200012207031,66.0279998779297,22.06,NA,NA,NA,4088041.00337349,9670945,1046,1769,9,NA,Sub-Saharan Africa,Low income
US,78.690243902439,320738994,0.73621730882542,18238300569000,56863.3714957652,3.0755146497898,5.28000020980835,0.118627135552435,0.0360669568697687,15.535342110601,33.8997225447175,100,7.38695495139919,98.32452877,4.9498515188,74.55420245,19.3548387096774,2.80417574030606,1.8435,46.0579005518947,67.8550033569336,55.814998626709,81.671,2.71742,4267.83919,NA,111151000000,175243750363,303233,71743,288335,301075,North America,High income
UY,77.369,3412013,0.339789877002899,53274304222.136,15613.7459681824,0.370741265001499,7.48999977111816,8.66626987079337,0.169438267758655,1.93141116402546,10.9701748371615,99.7094802856445,28.3988355167394,NA,8.5873060859,64.5707871,16.1616161616162,5.01750586599343,1.997,45.5783752618267,74.4420013427734,56.3349990844727,95.045,0.36446,661.48712,NA,37567858.3724656,273942982,2217,3354,26,532,Latin America & Caribbean,High income
UZ,70.928,31298900,1.74425837484667,86196265191.6645,2753.97107219949,7.21877350826054,5.19999980926514,NA,5.618781407004,3.24388397036318,8.05599751243217,100,0,NA,1.6359756344,42.8,16,1.20794014540971,2.491,40.2377486236839,73.1399993896484,47.7639999389648,50.75,0.17373,497.42064,59.328360000000004,1010192.58663926,NA,2260,2835,288,219,Europe & Central Asia,Lower middle income
VC,72.095,109135,0.244950880035656,755400000,6921.70247858157,1.33145639040413,19.0900001525879,-1.73361194953949,5.53215844160969,2.01585192651303,73.1794871794872,99.6432723999023,NA,NA,NA,49.4,13.0434782608696,16.3991538211299,1.953,40.7299297214889,75.109001159668,53.6870002746582,50.964,NA,NA,NA,0,0,4,240,NA,7,Latin America & Caribbean,Upper middle income
VI,79.0170731707317,107712,-0.157703864887906,3663000000,34007.3529411765,-0.425079702444208,12.6169996261597,NA,NA,NA,54.7428571428571,100,NA,NA,NA,54.8391373,NA,NA,2.11,45.1279478173608,68.0090026855469,49.2430000305176,95.35,NA,NA,NA,NA,NA,NA,NA,NA,NA,Latin America & Caribbean,High income
VN,75.11,92677082,1.04478105455123,193241108709.536,2085.10134910739,6.67928878891428,1.85000002384186,0.631200905175718,6.7273470364634,2.25730024603062,45.3505982520076,99.8213043212891,0.118082240039665,NA,NA,45,24.2971887550201,6.10636115617447,2.014,47.7732314114388,82.1449966430664,72.4329986572266,33.809,0.44113,678.56047,65.57177,NA,47523746133,30476,12091,582,4451,East Asia & Pacific,Lower middle income
VU,69.869,271128,2.70662633869409,730870581.672312,2695.66618597973,0.37157845181251,1.86199998855591,2.48326875660446,14.2560269023143,0.516361275854947,36.2838392124692,52.2051010131836,NA,NA,NA,22.35140458,0,4.24442391739499,3.898,43.6287037602379,78.2809982299805,60.5309982299805,24.961,NA,NA,NA,155805.047470171,NA,NA,NA,NA,NA,East Asia & Pacific,Lower middle income
WS,72.73,193510,0.668864132591767,787958585.894736,4071.92695930307,4.29688076483583,8.50100040435791,0.724470134874833,16.6450070708897,1.24024598211979,57.9752650176678,99.0670852661133,NA,47.86920748,NA,25.40700977,6.12244897959184,3.4097645237796,4.029,34.8743893928821,54.9480018615723,31.431999206543,18.914,NA,NA,NA,72157.8813591509,146345,15,186,1,3,East Asia & Pacific,Lower middle income
XK,71.3463414634146,1788196,-1.3649323381159,6295820481.52668,3520.7664492744,5.91627044351361,NA,-0.536929392740657,15.4295439426908,NA,NA,99.8600006103516,0,NA,2.331002331,NA,NA,5.45362771396734,2.09,NA,NA,NA,NA,NA,NA,NA,309893.804034664,NA,NA,NA,NA,NA,Europe & Central Asia,Upper middle income
YE,66.085,26497881,2.57803021578508,42445102386.6049,1601.83006281162,-27.9945462536875,13.7700004577637,NA,7.89372580488197,0.536269296401475,1.03983180862549,67.3109283447266,0,17.43173948,NA,24.08540947,0,-0.0363877278793536,4.103,8.33254892572115,67.0469970703125,6.09499979019165,34.777,NA,NA,NA,0,3030318,1323,1969,5,25,Middle East & North Africa,Low income
ZA,62.649,55386369,1.53224277341692,346709790458.563,6259.83968110571,1.32186223678229,25.1499996185303,4.54064227737914,0.238024279262203,7.67120155502521,14.2051208071948,85.3000030517578,1.93040334608651,NA,33.8,51.91911572,42,0.438735792056359,2.484,44.5487497312214,61.9410018920898,47.5639991760254,64.828,0.79846,472.30756,138.81214,126114070.900254,2818226410,21594,15326,889,6608,Sub-Saharan Africa,Upper middle income
ZM,61.737,15879370,3.06667147171294,21251216798.7762,1338.29092708188,2.92037511217961,10.125,10.1105928909618,0.221382796923137,0.319282188147263,61.5492540927373,31.1000003814697,0,NA,5.3717496349,8.8,12.6582278481013,7.44741668984248,4.918,47.9015408359498,79.6100006103516,69.5039978027344,41.907,NA,NA,NA,NA,52704188,682,1876,20,12,Sub-Saharan Africa,Lower middle income
ZW,59.534,13814642,1.66369350951633,19963120600,1445.06970213198,1.77987270340299,4.77799987792969,-2.43096842383406,10.2518030481804,0.897598359769294,45.6893628021197,33.7000007629395,1.3286641260686,27.17584196,NA,22.7428181,31.4814814814815,1.99968736350769,3.896,51.6278073584673,89.5920028686523,80.2990036010742,32.385,NA,NA,NA,2267903.28102218,11810010,285,1690,9,19,Sub-Saharan Africa,Lower middle income
